               epoch,      train/box_loss,      train/obj_loss,      train/cls_loss,   metrics/precision,      metrics/recall,     metrics/mAP_0.5,metrics/mAP_0.5:0.95,        val/box_loss,        val/obj_loss,        val/cls_loss,               x/lr0,               x/lr1,               x/lr2
                   0,             0.10434,            0.046996,            0.037822,            0.002045,            0.055556,           0.0018064,          0.00060782,            0.077391,            0.042497,            0.034324,              0.0901,              0.0011,              0.0011
                   1,            0.086403,            0.045562,            0.034057,           0.0065601,             0.29167,            0.046415,            0.013224,            0.068574,             0.04106,            0.029389,            0.079072,           0.0020723,           0.0020723
                   2,            0.076923,            0.050171,            0.029808,              0.1184,             0.16468,             0.11569,            0.037894,            0.062585,            0.036122,             0.02496,            0.067807,            0.002807,            0.002807
