               epoch,      train/box_loss,      train/obj_loss,      train/cls_loss,   metrics/precision,      metrics/recall,     metrics/mAP_0.5,metrics/mAP_0.5:0.95,        val/box_loss,        val/obj_loss,        val/cls_loss,               x/lr0,               x/lr1,               x/lr2
                   0,             0.10532,            0.045991,             0.03738,          0.00072464,            0.027778,           0.0010967,            0.000329,            0.079376,             0.04156,            0.034785,              0.0901,              0.0011,              0.0011
                   1,            0.091246,            0.055616,            0.035935,           0.0066738,             0.29167,              0.0482,            0.013174,            0.069882,            0.041258,            0.030719,            0.078541,            0.001541,            0.001541
                   2,             0.07994,            0.051707,            0.032164,             0.45173,            0.041667,            0.042861,            0.010609,            0.066705,              0.0389,            0.027411,             0.06619,             0.00119,             0.00119
